实体类型,实体名称
症状,剧咳
症状,一侧胸痛
症状,胸闷
症状,呼吸困难
症状,刺激性咳嗽
症状,挣扎坐起
症状,烦躁不安
症状,发绀
症状,冷汗
症状,虚脱
体征结果,健侧移位
体征结果,隆起
体征结果,减弱
体征结果,过清音
体征结果,鼓音
体征结果,缩小
体征结果,消失
体征结果,振水声
症状持续时间,起病急骤
症状持续时间,突感
症状持续时间,持续时间短暂
部位,气管
部位,患侧胸部
部位,心
部位,肝浊音界
部位,胸内
症状性质,针刺样
症状性质,刀割样
体征,发绀
体征,脉速
体征,心律失常
体征,意识不清
体征,呼吸音减弱
体征,气泡破裂音
体征,Hamman征
体征,血压下降
疾病,继发性自发性气胸
疾病,肺大疱
疾病,肺结核
疾病,COPD
疾病,肺癌
疾病,肺脓肿
疾病,肺纤维化
疾病,嗜酸性肉芽肿病
疾病,结节病
疾病,肺尘埃沉着症
疾病,淋巴管平滑肌瘤病
疾病,月经性气胸
疾病,自发性血气胸
疾病,闭合性(单纯性)气胸
疾病,交通性(开放性)气胸
疾病,张力性(高压性)气胸
疾病,张力性气胸
疾病,呼吸衰竭
疾病,胸腔积液
疾病,肺气肿
疾病,血气胸
疾病,失血性休克
体征类型,听诊
体征类型,呼吸运动
体征类型,触觉语颤
体征类型,叩诊
症状,窒息
药品,2%碳酸氢钠
药品,生理盐水
药品,链激酶
药品,尿激酶
药品,组织纤溶酶原激活物
药品,脱氧核糖核酸酶
药品,博来霉素
药品,顺铂
药品,丝裂霉素
药品,滑石粉
药品,短小棒状杆菌疫苗
药品,白介素-2
药品,干扰素
体征,心率加快
体征,血压降低
手术,肋间插管闭式引流
手术,胸膜剥脱术
手术,胸腹腔分流术
手术,胸膜切除术
检查,X线
治疗方案,胸腔穿刺抽液
治疗方案,插管引流
治疗方案,控制感染
治疗方案,引流胸腔积液
治疗方案,冲洗胸腔
治疗方案,脓腔引流
治疗方案,局部放射治疗
治疗方案,化学性胸膜固定术
治疗方案,胸腔内插管持续引流
疾病,类肺炎性胸腔积液
疾病,脓胸
疾病,支气管胸膜瘘
疾病,恶性胸腔积液
疾病,小细胞肺癌
疾病,气胸
疾病,自发性气胸
疾病,休克
疾病,原发性自发性气胸
药品类型,抗生素
药品类型,抗菌药
药品类型,抗肿瘤药物
药品类型,胸膜粘连剂
药品类型,生物免疫调节剂
给药方式,胸腔内注入
检验,N末端前脑利钠肽
检验,nT proBNT
检验,沉渣找结核杆菌
检验,结核菌素试验
检验,CEA
检验,肿瘤标志物
检验,LDH
检验,脱落细胞检查
症状,全身水肿
症状,发热
症状,胸痛
症状,气短
症状,干咳
症状,潮热
症状,盗汗
症状,消瘦
症状,结核中毒
症状,咳嗽
症状,咳痰
症状,{热
症状,胸部钝痛
症状,咳血丝痰
症状,剧咳气促
症状,咳大量泡沫状痰
症状,头晕
症状,心悸
症状,面色苍白
药品,0.1%肾上腺素
药品,泼尼松
体征,胸膜增厚
体征,胸廓塌陷
体征,杵状指(趾)
体征,脉细
手术,气管插管
检查,诊断性胸腔穿刺
检查,胸膜活检
检查,支气管镜
检查,胸部影像学
检查,胸\n腔镜
疾病,心力衰竭
疾病,肝硬化
疾病,肾病综合征
疾病,低蛋白血症
疾病,结核性胸膜炎
疾病,肺炎
疾病,支气管扩张
疾病,乳腺癌
疾病,淋巴瘤
药品类型,糖皮质激素
药品类型,利尿剂
药品类型,抗结核药物
给药方式,皮下注射
给药方式,口服
体征结果,满布湿音
部位,双肺
治疗方案,抽液治疗
治疗方案,机械通气
用法用量,0.5ml
用法用量,30mg/d
用法用量,分3次
用法用量,疗程约4~6周
检验,结核杆菌培养
症状,咯血
体征结果,浊音
体征结果,呼吸音减弱
体征结果,扁平
体征结果,塌陷
体征结果,肋间隙变窄
体征结果,向患侧移位
部位,胸廓
体征,语音传导增强
检查,胸片
检查,CT
检查,PET
检查,超声检查
检查,胸腔穿刺
检查,B超引导下胸腔穿刺
检查,胸膜针刺活检
检查,经皮闭式胸膜针刺活检
检查,胸腔镜
检查,开胸活检
检查,B超
疾病,胸膜\n间皮瘤
疾病,胸膜转移性肿瘤
疾病,渗出性胸膜炎
疾病,支气管肺癌
疾病,恶性胸膜间皮瘤
疾病,充血性心力衰竭
检验,痰脱落细胞学
检验,血清隐球菌荚膜多糖抗原
检验,痰细胞学
症状,中毒症状
症状,寒战
症状,高热
症状,咳大量脓臭痰
检查,肺活检
检查,支气管灌洗
疾病,癌性胸腔积液
疾病,肺隐球菌病
疾病,周围型肺癌
疾病,肺良性肿瘤
检验,组织学检查
检验,结核菌培养
检验,黏蛋白试验
检验,Rivalta试验
检验,淀粉酶
检验,腺苷脱氨酶
检验,ADA
检验,免疫学检查
检验,补体C3、C4
检验,抗核抗体
检验,ANA
检验,类风湿因子
检验,癌胚抗原
检验,糖链肿瘤相关抗原
检验,细胞角蛋白19片段神经元特异烯醇酶
检验,间皮素
手术,胸膜固定术
检查,X线胸片
疾病,血胸
疾病,肺梗死
疾病,食管破裂
疾病,陈旧性结核性胸膜炎
疾病,急性胰腺炎
症状程度,剧烈
检验,神经特异性烯醇酶
检验,NSE
检验,细\n胞角蛋白19片段
检验,CYFRA221-1
检验,胃泌素释放肽前体
检验,ProGRP
检验,外周血游离肿瘤DNA
检验,抗程序性细胞死亡蛋白配体-1(pD-L1)免疫组化
症状,全身中毒症状
手术,开胸肺活检
检查,闭式胸膜针刺活检
检查,组织病理学
治疗方案,手术\n切除
疾病,肺结核球
疾病,肺门淋巴结结核
疾病,腺癌
疾病,.肺炎
药品类型,靶向药物
检验,胸腔积液检查
症状,呼吸困\n难
症状,气促
症状,胸部隐痛
症状,肝区疼痛
药品,甲氨蝶呤
药品,胺碘酮
药品,苯妥英
药品,呋喃妥因
体征结果,减低
体征结果,向健侧移位
部位,纵隔
体征,胸膜摩擦感
体征,胸膜摩擦音
体征,胸廓饱满
手术,支气管动脉栓塞术
手术,冠脉旁路移植手术
手术,冠脉内支架置入
手术,骨髓移植
手术,中心静脉置管
检查,消化内镜
治疗方案,腹膜透析
疾病,系统性红斑狼疮
疾病,类风湿\n关节炎
疾病,膈下脓肿
疾病,肝脓肿
疾病,急性胰腺\n炎
疾病,急性肾小球肾炎
疾病,主动脉瘤破裂
疾病,胸导管破裂
疾病,乳糜胸
疾病,心功能不全
疾病,反应性胸膜炎
疾病,胰腺炎
疾病,类风湿关节炎
疾病,阿米巴肝脓肿
体征类型,呼吸音
检查检验结果,血性胸腔积液
检查检验结果,乳状胸腔积液
检查检验结果,巧克力色胸腔积液
检查检验结果,黑色胸腔积液
检查检验结果,黄绿色胸腔积液
检查,核素闪烁显像
检查,骨y闪烁显像
检查,正电子发射断层显像
检查,PET-CT
检查,痰脱落细胞学检查
检查,胸腔积液细胞学检查
检查,呼吸内镜检查
检查,组织活检加细胞刷刷检
检查,支气管镜肺活检
检查,超声探头引导\n下肺活检
检查,)纵隔镜
检查,针吸活检
检查,经胸壁穿刺肺活检
检查,X线透视
检查,胸部CT
检查,超声
检查,浅表淋巴结活检
检查,手术淋巴结活检
疾病,肺腺癌
疾病,中央型肺癌
疾病,缩窄性心包炎
检查,胸部电子计算机体层扫描(CT)
检查,增强CT
检查,螺旋式CT
检查,磁共振显像(MRI)
检查,支气管镜病理活检
疾病,支气管肺炎
症状,气急
药品,多西环素
药品,米诺环素
手术,支气管内封堵术
疾病,肺水肿
疾病,双侧气胸
疾病,利多卡因
疾病,急性呼吸窘迫综合征
疾病,复发性气胸
用法用量,60~100ml
用法用量,稀释后经胸腔导管注入
用法用量,标准剂量200mg
药品类型,硬化剂
症状,上腹痛
手术,经胸腔镜手术
手术,开胸手术
治疗方案,胸腔减压
治疗方案,高浓度吸氧
治疗方案,排气疗法
治疗方案,保守治疗
治疗方案,胸腔穿刺抽气
治疗方案,胸腔穿刺排气
治疗方案,胸腔闭式引流
疾病,消化性溃疡穿孔
疾病,胸膜炎
疾病,膈疝
疾病,慢性持续性气胸
药品类型,镇静
药品类型,镇痛
检验,血清酶学
症状,喘息
症状,烦躁
症状,不安
症状,惊恐
症状,濒死感
症状,低热
症状,晕厥
症状性质,突然
检查,×线胸片
检查,试验穿刺
检查,CT肺动脉造影
疾病,哮喘
疾病,慢性阻塞性肺疾病
疾病,急性心肌梗死
疾病,高血压
疾病,动脉粥样\n硬化
疾病,冠状动脉粥样硬化性心脏病
疾病,肺血栓栓塞症
药品类型,支气管舒张剂
药品类型,抗感染药物
药品,地高辛
药品,硝苯地平
药品,地尔硫草
药品,氨氯地平
药品,依前列醇
药品,伊洛前列素
药品,贝前列素
药品,一氧化氮
药品,NO
药品,波生坦
药品,安立生坦
药品,马西替坦
药品,西地那非
药品,他达拉非
药品,地那非
药品,利奥西胍
手术,肺移植
手术,心肺联合移植
治疗方案,氧疗
疾病,肺动脉高压
疾病,肺源性心脏病
疾病,低氧血症
疾病,贫血
疾病,肺\n部感染
疾病,慢性肺源性心脏病
疾病,肺心病
疾病,慢性肺心病
药品类型,血管扩张药
药品类型,钙通道阻滞剂
药品类型,CCB
药品类型,前列环素
药品类型,前列环素受体激动剂
药品类型,内皮素受体拮抗剂
药品类型,磷酸二酯酶5抑制剂
药品类型,可溶性鸟苷酸环化酶(sGC)激动剂
药品类型,pE-5抑制剂
给药方式,吸入
检验,血气分析
检查,超声心动图
检查,多普勒超声
检查,肺功能测定
检查,放射性核素肺通气/灌注显像
检查,右心导管检查
检查,急性肺血管反应试验
检查,右心漂浮导管检查
检查,急性血管反应试验
检查,多普勒超声心动图
治疗方案,肺移植
药品类型,钙通道阻滞\n剂
药品类型,抗凝药物
检验,脑钠肽
症状,.胸痛
症状,疲乏
症状,无力
症状,雷诺现象
症状,声音嘶哑
检查,心电图
疾病,心肌缺血
症状程度,进行性加重
症状,大咯血
症状,体重减轻
症状,长期发热
症状,持续性咳嗽
症状,食欲缺乏
症状,黄疸
药品,氨基己酸
药品,氨甲苯酸
药品,酚磺乙胺
药品,卡巴克洛
药品,垂体后叶素
药品,25%葡萄糖
药品,5%葡萄糖液
药品,异烟肼
药品,利福平
药品,吡嗪酰胺
体征结果,触痛
药品别名,止血\n芳酸
药品别名,止血敏
药品别名,安络血
体征,淋巴结肿大
体征,肝大
手术,支气管动脉栓塞法
检查,肺部X线
疾病,结核性脓胸
疾病,HIVAIDS结核病
疾病,糖尿病
疾病,硅沉着病
用法用量,5~10U
用法用量,40ml
用法用量,0.1U/(kg・h)
用法用量,每日20mg
用法用量,1~2周
用法用量,每周递减5mg
用法用量,4~8周
给药方式,静脉注射
给药方式,静脉滴注
给药方式,顿服
检验,脑钠肽前体
检查,心脏彩超
疾病,心脏瓣膜病
疾病,间质性肺疾病
疾病,慢性血栓栓塞性肺动脉高压
疾病,血管肉瘤
疾病,动脉炎
疾病,先天性肺动脉狭窄
疾病,慢性溶血性贫血
疾病,骨髓增生异常综合征
疾病,脾切除
疾病,糖原贮积症
疾病,戈谢病
疾病,甲状腺疾病
疾病,肺组织细胞增多症
疾病,纤维素性纵隔炎
疾病,慢性肾功能不全
疾病,节段性肺动\n脉高压
疾病,血栓性微血管病
疾病,动脉性肺动脉高压
疾病,肺动脉高\n压
疾病,特发性肺动脉高压
疾病,原发性肺动脉高压
检验,痰培养
检验,药敏试验
药品,乙胺丁醇
药品,嗪酰胺
药品,链霉素
药品,卡那霉素
药品,阿米卡星
药品,丙硫异烟肼
药品,PAS
药品,环丝氨酸
药品,莫西沙星
药品,左氧氟沙星
药品,氧氟沙星
药品,乙硫异烟胺
药品,丙硫异烟胺
药品,利福布丁
药品,卷曲霉素
药品,特立齐酮
药品,对\n氨基水杨酸
药品,氯法齐明
药品,利奈唑胺
药品,贝达喹啉
药品,迪拉马尼
药品,阿莫
药品,克拉维酸
药品,氨硫脲
药品,克拉霉素
疾病,耐多药肺结核
用法用量,，2个月
用法用量,4个月
用法用量,隔日一次
用法用量,每周3次，
用法用量,每日一次
用法用量,6~10个月
用法用量,6个月
用法用量,250mg
用法用量,3~5天
药品类型,氟喹诺酮
药品类型,抗结核药
疾病,HIV
疾病,门静脉脉高压
疾病,先天性心脏病
疾病,血吸虫病
疾病,肺静脉闭塞病
疾病,肺毛细血管瘤样增生症
疾病,左心室收缩性功能不全
疾病,左心室舒张性功能不全
症状,肠胃不适
症状,关节痛
症状,胃肠不适
症状,听力障碍
症状,眩晕
症状,惊厥
症状,焦虑
药品,利福喷丁
药品,对氨基水杨酸钠
药品,卫非特
药品,卫非宁
用药单位,g/ml
用药单位,g/d
用药单位,g
用药单位,mg/kg
疾病,视神经炎
疾病,结核性胸膜
疾病,周围神经炎
疾病,高尿酸血症
用法用量,7.5g/ml
用法用量,0.75~1.0g/d
用法用量,周3次
用法用量,1.0~1.25g/d
用法用量,0.75g
用法用量,每周5次
用法用量,0.75~1.0g
用法用量,，每周2~3次
用法用量,25mg/kg
用法用量,每日分2次服用
用法用量,每日1次
给药方式,肌内注射
检验,APTT
药品,华法林
药品,重组组织型纤溶酶原激活剂
药品,苯海拉明
药品,地塞米松
药品,低分子量肝素
药品,磺达肝癸钠
药品,低剂量普通肝素
药品,华\n法林
手术,(导管碎解和抽吸肺动脉内巨大血栓
手术,肺动脉血栓摘除术
手术,放置腔静脉滤器
手术,肺动脉血栓内膜剥脱术
手术,球囊肺动脉成形术
治疗方案,溶栓
治疗方案,输血
治疗方案,肺动脉导管碎解和抽吸血栓
治疗方案,导管碎解和抽吸肺动脉内巨大血栓
治疗方案,肺动脉血栓摘除术
治疗方案,导管介入治疗
治疗方案,放置腔静脉滤器
治疗方案,放置下腔静脉滤器
治疗方案,上腔静脉滤器
治疗方案,抗凝治疗
治疗方案,肺动脉血栓内膜剥脱术
治疗方案,梯度加压弹力袜
治疗方案,间歇充气压缩泵
治疗方案,静脉足泵
疾病,心包炎
疾病,心包积液
疾病,细菌性心内膜炎
疾病,肾功能不全
疾病,尿病出血性视网膜\n病变
用法用量,200/kg剂量
用法用量,持续静脉滴注2小时
用法用量,负荷量4400/kg
用法用量,10分钟
用法用量,随后以220U/(kg・h)持续静脉滴注
用法用量,12小时
用法用量,负荷量250000U
用法用量,30分钟
用法用量,100000U/h持续静脉滴注12~24小时
用法用量,50mg
药品类型,溶栓药物
症状,恶心
药品,维生素B6
药品,利福喷
药品,.乙胺丁醇
药品别名,吡哆醇
用药单位,mg
用药单位,gd
疾病,结核性脑膜炎
疾病,血行播散型肺结核
疾病,药物性肝炎
用法用量,每日剂量一次顿服
用法用量,一日2次
用法用量,3次分服
用法用量,每日300mg
用法用量,每日5~10mg/kg
用法用量,300mg
用法用量,20~30mg/kg
用法用量,10~20mg/kg
用法用量,每日8~10mg/kg，
用法用量,450mg，0kg
用法用量,600mg
用法用量,600~900mg
用法用量,每周2次或3次
用法用量,450~600mg
用法用量,每周2次
用法用量,1.5gd
用法用量,周3次用药
用法用量,1.5~2.0g/d
用法用量,30~40mg/kg
药品类型,利福霉素
给药方式,空腹
给药方式,早饭前半小时服用
检验,痰脱\n落细胞
检验,结核分枝杆菌检查
检验,血、尿、便的培养
检验,肥达试验
检验,血培养
检验,骨\n髓涂片
症状,慢性咳嗽
症状,大量脓痰
症状,痰中带血
症状,出血
体征结果,玫瑰疹
部位,皮肤
体征,肝脾大
体征,稽留热
体征,相对缓脉
体征,弛张热
手术,肺切除术
手术,胸廓成形术
检查,肺功能
检查,Ⅹ线胸片
检查,病灶活体组织检查
检查,动态X线
疾病,继发型肺结核
疾病,原发型肺结核
疾病,伤寒
疾病,败血症
疾病,白血病
疾病,急性血行播散型肺结核
疾病,结核病
药品,氢氯噻嗪
药品,螺内酯
药品,毒毛花苷K
药品,毛花苷丙
药品,10%葡萄糖液
药品,碳酸氢钠
用药单位,ml
体征,心率增快
治疗方案,补碱治疗
治疗方案,纠正缺氧
疾病,室上性心动过速
疾病,心房颤动
疾病,急性左心衰竭
疾病,低钾血症
疾病,肺性脑病
疾病,慢阻肺
疾病,电解质紊乱
疾病,呼吸性酸中毒
疾病,代谢性碱中毒
疾病,心律失常
疾病,房性期前收缩
疾病,阵发性室上性心动过速
疾病,心房扑动
疾病,消化道出血
疾病,弥散性血管内凝血
用法用量,25mg
用法用量,1~3次/日
用法用量,20~40mg
用法用量,1~2次/日
用法用量,0.125~0.25mg
用法用量,0.2~0.4mg
用法用量,100ml
药品类型,利尿药
药品类型,正性肌力药
药品类型,洋地黄类
给药方式,缓慢静脉注射
症状,心绞痛
检查,、X线
检查,超声心动\n图
检查,冠状动脉造影
检查,肺功能检查
治疗方案,积极控制感染
治疗方案,通畅呼吸道
治疗方案,改善呼吸功能
治疗方案,控制呼吸衰竭
治疗方案,合理氧疗
治疗方案,无创正压通气
治疗方案,气管插管
疾病,冠心病
疾病,心绞痛
疾病,心肌梗死
疾病,左心衰竭
疾病,原发性高血压
疾病,高脂血症
疾病,风湿性心脏病
疾病,三尖瓣关闭不全
疾病,风湿性关节炎
疾病,心肌炎
疾病,原发性心肌病
药品类型,扩张支气管
药品类型,祛痰
药品类型,扩血管药
检验,血液化验
检验,肾功能
检验,肝功能
检验,痰病原学检查
症状,头痛
症状,失眠
症状,食欲下降
症状,白天嗜睡
症状,表情淡漠
症状,神志恍惚
症状,谵妄
症状,腹胀
体征结果,收缩期杂音
体征结果,心脏搏动增强
体征结果,压痛
部位,三尖瓣\n区
部位,剑突下
部位,下肢
体征,干、湿性音
体征,颈静脉充盈
体征,肝界下移
体征,球结膜充血
体征,水肿
体征,视网膜血管扩张
体征,视盘水肿
体征,腱反射减弱
体征,病理反射
体征,皮肤潮红
体征,、多汗
体征,颈静脉怒张
体征,腹腔积液
体征,肝颈静脉反\n流征阳性
检查,×线
疾病,高碳酸血症
疾病,右心衰竭
疾病,全心衰竭
疾病,慢性支气管炎
疾病,肺动脉压增高
疾病,右心功能不全
症状程度,夜间为甚
症状,乏力
症状,劳动耐力下降
药品,醛固酮
疾病,支气管哮喘
疾病,慢性栓塞性肺动脉高压
疾病,肺小动脉炎
症状,口渴
症状,多尿
症状,呕吐
症状,腹痛
症状,便秘
症状,嗜睡
症状,昏迷
症状,男性轻度乳房发育
症状,皮肤潮红
症状,水样腹泻
症状,阵发性\n心动过速
症状,杵状指(趾)
症状,疼痛
症状,肿胀
症状,肌无力
症状,肌力减退
疾病别名,skeletal-connective- tissue syndromes
疾病别名,hypertrophic primary osteoarthropathy
疾病别名,neurologic-myopathic- syndromes
疾病别名,Eaton-Lambert- syndrome
体征,压痛
检查,y骨显像
检查,新斯的明试验
疾病,)高钙血症
疾病,鳞癌
疾病,肥大性肺性骨关节病
疾病,大细胞癌
疾病,类癌综合征
疾病,SCLC
疾病,骨骼结缔组织综合征
疾病,原发性肥大性骨关节病
疾病,NSCLC
疾病,骨膜炎
疾病,神经肌病综合征
疾病,肌无力样综合征
疾病,重症肌无力
疾病,多发性周围神经炎
疾病,亚急性小脑变性皮质变性
疾病,多发性肌炎
疾病,副癌脑脊髓炎
疾病,感觉神经病变
疾病,小脑变性
疾病,边缘叶脑炎
疾病,脑干脑炎
疾病,游走性血栓性静脉炎
疾病,非细菌性血栓性心内膜炎
疾病,红白血病
疾病,皮肌炎
疾病,黑棘皮症
疾病,肾小球肾炎
疾病,阻塞性肺炎
疾病,继发性肺脓肿
症状,食欲减退
症状,恶病质
症状,钝痛
症状,隐痛
症状,剧痛
症状,吞咽困难
症状,视物模糊
症状,共济失调
症状,复视
症状,性格改变
症状,癫痫发作
症状,一侧肢体无力
症状,偏瘫
症状,背痛
症状,下肢无力
症状,感觉异常
症状,膀胱或肠道功能失控
症状,局部疼痛
症状,病理性骨折
症状,肝大
症状,腹腔积液
症状,厌食
症状,呕\n吐
症状,易激动
症状,定向障碍
症状,癫痫样发作
症状,色素沉着
症状,肌萎缩
症状,低钾
体征结果,曲张
体征结果,充血
体征结果,少汗或无汗
疾病别名,endocrine syndromes
疾病别名,SIADH
部位,肋骨
部位,脊柱
部位,上肢
部位,颈面部
部位,胸壁静脉
部位,眼结膜
部位,同侧额部与胸壁
部位,脊椎
部位,骨盆
部位,四肢长骨
部位,肝脏
部位,胰腺
部位,胃肠道
体征,恶病质
体征,胸腔积液
体征,心包积液
体征,上睑下垂
体征,瞳孔缩小
体征,眼球内陷
疾病,气管-食管瘘
疾病,肺部感染
疾病,上腔静脉阻塞综合征
疾病,Horner综合征
疾病,肺上沟瘤
疾病,小细胞癌
疾病,副癌综合征
疾病,内分泌综合征
疾病,抗利尿激素分泌异常综合征
疾病,低钠血症
疾病,低渗透压血症
疾病,库欣综合征
症状,无痰
症状,少痰
症状,刺激性干咳
症状,刺激性呛咳
症状,黏液痰
症状,痰血
症状,持续性痰中带血
症状,喘鸣
症状,胸腔积液
症状,心包积液
体征结果,单侧哮鸣音
疾病别名,minimally invasive adenocarcinoma
疾病别名,MiA
疾病别名,small cell lung cancer
疾病别名,SCLC
体征,高调金属音
体征,膈肌麻痹
体征,上腔静脉阻塞
治疗方案,手术切除
疾病,微浸润性腺癌
疾病,浸润性腺癌
体征类型,，听诊
疾病别名,鳞癌
疾病别名,non- small cell lung cancer
疾病别名,NSCLC
疾病,鳞状上皮细胞癌
疾病,.中央型肺癌
疾病,非小细胞肺癌
疾病,肺不张
疾病,细支气管肺泡癌
疾病,原位腺癌
症状,咳\n痰
疾病别名,lung cancer
疾病别名,primary bronchogenic carcinoma
疾病别名,primary bronchogenic lung cancer
疾病,原发性支气管癌
疾病,原发性支气管肺癌
用药单位,mg/d
检查,结核菌素试验
治疗方案,卡介苗接种
疾病,粟粒型结核
用法用量,300mg/d
用法用量,6~9个月
用法用量,4~8mg/kg
用法用量,3个月
用法用量,每周3次
用法用量,每周一次
检验,显微镜检酵母假菌丝
检验,真菌培养
检验,血清1，3-BD葡聚糖抗原\n检测(G试验)
症状,似白泡沫塑料状稀痰
症状,偶带血丝
症状,痰稠
症状,憋喘
症状,畏寒
症状,咳白色泡沫黏痰
症状,酵臭味
药品,奥司他韦
药品,氟康唑
药品,伊曲康唑
药品,伏立康唑
药品,沙康唑
药品,两性霉素B
症状性质,糨糊状
症状性质,胶冻状
症状体征大小,咳多量
疾病,肺真菌病
疾病,艾滋病
疾病,大叶性肺炎
疾病,肺念珠菌病
用法用量,成人75mg
用法用量,每天2次
用法用量,分2次口服
用法用量,治疗7~10天
用法用量,每日200mg
用法用量,首剂加倍
用法用量,400mg/d
用法用量,6~12mg/(kgd)
用法用量,0.5~1.0mg/(kg・d)
症状频率,阵发性
药品类型,广谱抗生素
药品类型,细胞毒药物
药品类型,免疫抑制剂
症状,浅快呼吸
症状,呼吸过速
症状,浅慢呼吸
症状,躁动
症状,夜间失眠
症状,神志淡漠
症状,肌肉震颤
症状,间歇\n抽搐
症状,昏睡
症状,搏动性头痛
药品,阿米三嗪
药品,盐酸精氨酸
药品,氯化钾
体征结果,锥体束征阳性
体征,潮式呼吸
体征,扑翼样震颤
体征,体表静脉充盈
体征,皮肤充血
体征,血压升高
体征,脉搏洪大
治疗方案,无创机械通气
治疗方案,氧气疗法
治疗方案,气道维护
治疗方案,正压机械通气
治疗方案,外生命支持
疾病,慢性呼吸衰竭
疾病,急性呼吸衰竭
疾病,Ⅱ型呼吸衰竭
用法用量,50100mg，2次/日
药品类型,催眠药
药品类型,呼吸兴奋剂
症状,呼吸费力伴呼气延长
药品,尼可刹米
药品,洛贝林
药品,多沙普仑
体征,脉搏增快
治疗方案,体外膜式氧合
疾病,纵隔气肿
疾病,间质性肺气肿
疾病,呼吸机相关性肺炎
疾病,弥散性\n血管内凝血
疾病,肺间质纤维化
体征,吞咽反射明显减弱
手术,气管切开
治疗方案,呼吸支持
治疗方案,改善通气
治疗方案,建立人工气道
治疗方案,经鼻主流量氧疗
疾病,呼吸性碱中毒
药品类型,支气管扩张药
药品类型,β2肾上腺素受体激动剂
药品类型,抗胆碱药
药品类型,茶碱类
给药方式,静脉给药
检验,动脉血氧分压
检验,丙氨酸氨基转移酶
检验,尿素氮
症状,精神错乱躁狂
症状,抽搐
症状,淡漠
症状,呼吸骤停
症状,心动过速
部位,口唇
部位,指甲
体征,呼吸频率增快
体征,三凹征
体征,呼吸节律改变
体征,比奥呼吸
体征,心搏停止
检查,纤维支气管镜
检查,呼吸肌功能测试
检查,放射性核素肺通气/灌注扫描
检查,肺血管造影
疾病,脊髓灰质炎
疾病,有机磷中毒
疾病,多脏器功能障碍
疾病,上消化道出血
症状,视力障碍
症状,呼吸加深加快
症状,躁动嗜睡
症状,精神错乱
症状,意识障碍
体征,球结膜水肿
体征,心室颤动
体征,心脏骤停
疾病,脑疝
疾病,代谢性酸中毒
症状,注意力不集中
症状,智力和视力轻度减退
症状,定向力与记忆力障碍
症状,神志丧失
症状,言语\n不清
症状,呼吸抑制
症状,兴奋
症状,木僵
疾病,精神障碍综合征
疾病,CO2麻醉
检验,动脉血气分析
疾病,肺衰\n竭
检验,动脉血气
疾病,弥漫性肺纤维化肺水肿
疾病,硅\n沉着病
疾病,肺栓塞
疾病,肺血管炎
疾病,心肌病
疾病,心包疾病
疾病,强直性脊柱炎
疾病,多发性神经炎
疾病,破伤风
疾病,.I型呼吸衰竭
药品类型,镇静催眠剂
体征,心动过缓
治疗方案,机械通气氧疗
治疗方案,高压氧疗
治疗方案,人工气道
治疗方案,经鼻气管插管
治疗方案,环甲膜穿刺
疾病,ARDS
疾病,重症肺炎
症状,喷嚏
检查,电子计算机X线体层显像
疾病,二尖瓣狭窄
疾病,肺间质水肿
疾病,转移性肺癌
疾病,胃癌
疾病,尿毒症
疾病,细支气管炎
疾病,弥漫性实质性肺疾病
疾病,特发性肺纤维化
疾病,过敏性肺炎
疾病,尘肺
疾病,肌萎缩侧索硬化症
疾病,吉兰巴雷综合征
疾病,肺转移瘤
疾病,支气管炎
疾病,气管炎
疾病,睡眠呼吸暂停综合征
治疗方案,主动脉内球囊反搏术
治疗方案,人工心室辅助泵
治疗方案,电转复
治疗方案,起搏器
治疗方案,ECMO
治疗方案,床旁血液净化
疾病,急性肾损伤
疾病,DIC
疾病,低血容量性休克
疾病,心源性休克
疾病,分布性休克
疾病,感染中毒性休克
疾病,神经性休克
疾病,过敏性休克
疾病,梗阻性休克
疾病,多器官功能障碍综合征
药品类型,血管活性药物
疾病,呼吸机相关性肺损伤
疾病,阻塞性睡眠呼吸暂停低通气综合\n征
疾病,急性心源性肺水肿
症状,呼吸增快
症状,进行性加重的呼吸困难
症状,出汗
症状,呼吸深快
症状,费力
症状,胸廓紧束
症状,严重憋气
体征结果,少量细湿音
体征结果,水泡音
体征结果,管状呼吸音
疾病别名,post-ARDS pulmonary fibrosis
疾病,呼吸窘迫
疾病,ARDS后肺纤维化
体征类型,闻及
疾病,难治性低氧血症
疾病,肺挫伤
疾病,全身炎症反应综合征
疾病,MODS
症状,记忆力减退
症状,夜间呼吸暂停
症状,认知障碍
症状,抑郁
症状,口鼻黏膜干燥
症状,憋气
手术,耳鼻咽喉科手术
手术,口腔颌面外科手术
手术,鼻中隔矫正术
手术,鼻息肉摘除术
手术,鼻甲切除术
手术,扁桃体手术
手术,气管切开造瘘术
手术,腭垂软腭咽成形术
手术,正颌手术
手术,下颌前移术
手术,颏前移术
手术,颏前移和舌骨肌肉切断悬吊术
手术,双颌前移术
治疗方案,鼻持续气道内正压通气
治疗方案,水平气道正压(BPAP)治疗
治疗方案,口腔矫治器( oral appliance，OA)治疗
疾病,睡眠呼吸暂停低通气综合征
疾病,结膜炎
症状,打鼾
症状,呼吸暂停
症状,肥胖
症状,疲\n劳
症状,鼾声
症状,日间嗜睡
症状,疲劳
症状,疲倦
症状,白天过度嗜睡
症状,发\n作性猝倒
症状,睡眠瘫痪
症状,睡眠幻觉
症状,猝倒
药品,甲状腺素
体征,颈围粗
体征,肥胖
体征,上气道狭窄
检查,.胸部×线
检查,头颅X线
检查,鼻咽镜
检查,多导睡眠监测
检查,食管压力测定
治疗方案,试验性无创通气治疗
治疗方案,无创气道正压通气治疗
治疗方案,持续气道正压通气
疾病,.鼾症
疾病,上气道阻力综合征
疾病,发作性睡病
疾病,甲状腺功能减低
药品类型,催眠
药品类型,肌肉松弛
检验,血常规
症状,鼾声响亮
症状,间歇性呼吸\n停顿
症状,口干
症状,呼吸间歇停顿
症状,大喘气
症状,憋醒
症状,胸腹呼吸的矛盾运动
症状,夜间憋醒
症状,心慌
症状,心前区不适
症状,深快呼吸后胸闷
症状,剧烈呛咳
症状,多动不安
症状,睡眠多动
症状,频繁翻身
症状,肢体舞动
症状,因窒息而挣扎
症状,夜尿增多
症状,遗尿
症状,磨牙
症状,呓语
症状,幻听
症状,做噩梦
症状,困倦
症状,瞌睡
症状,入睡快
症状,睡觉不解乏
症状,精细操作能力下降
症状,记忆力判断力和反应能力下降
症状,多疑
症状,性功能减退
症状,阳痿
症状,性欲减退
症状,发育迟缓
症状,智力降低
症状持续时间,持续1~2小时
体征,颈粗短
体征,下颌短小
体征,下颌后缩
体征,鼻甲肥大
体征,鼻息肉
体征,鼻中隔偏曲
体征,口咽部阻塞
体征,软腭垂肥大下垂
体征,扁桃体和腺样体肥大
体征,舌体肥大
检查,脑电图
检查,多导睡眠( polysomnography，PSG)监测
检查,睡眠呼吸监测
疾病,不稳定型心绞痛
疾病,2型糖尿病
疾病,脑卒中
疾病,胃食管反流
疾病,代谢综合征
治疗方案,无创通气治疗
疾病,睡眠呼吸暂停
疾病,阻塞性睡眠呼吸暂停
疾病,中枢性睡眠呼\n吸暂停
疾病,混合性睡眠呼吸暂停
疾病,OSAHS
疾病,甲状腺功能减退
疾病,肢端肥大症
疾病,胃\n食管反流
疾病,中枢性睡眠呼吸暂停综合征
疾病,慢性充血性心力衰竭
疾病,复杂性睡眠呼吸暂停综合征
药品类型,肌肉松弛类
给药方式,服用
症状,睡眠打鼾
症状,记忆力下降
药品,胰岛素
疾病别名,OSAHS
疾病,阻塞性睡眠呼吸暂停低通气综合征
疾病,睡眠相关低氧血症
疾病,难治性高血压
疾病,中枢性睡眠呼吸暂停
疾病,阻塞性睡眠呼吸暂停低通\n气综合征
症状,胸骨后疼痛
体征结果,“咔嗒”声
体征结果,Hamman征
部位,心尖部
体征,低血压
体征,心浊音界缩小
体征,心音遥远
手术,胸腔镜直视下粘连带烙断术
手术,电视辅助胸腔镜手术
手术,肺大疱结扎
手术,肺段或肺叶切除
手术,开胸修补破口
检查,胸膜腔穿刺
检查,肋间插管引流
治疗方案,Nd-YAG激光
治疗方案,二氧化碳激光
治疗方案,闭式引流
疾病,脓气胸
疾病,皮下气肿
体征类型,听到
体征类型,与心跳同步
药品,顺阿曲库铵
治疗方案,高浓度给氧
治疗方案,有创机械通\n气
治疗方案,俯卧位通气
治疗方案,肺复张法
药品类型,镇静剂
药品类型,神经肌肉阻滞剂
症状,咳粉红色泡沫样痰
体征,肺湿音
检查,床旁呼吸功能监测
检查,心脏超声
检查,Swan-ganz导管检查
检查,测定肺动脉楔压
检查,PAWP
检查,胸部X线
治疗方案,治疗原发病
疾病,呼吸\n衰竭
药品类型,强心
药品类型,利尿
症状,夜间阵咳
症状,排痰
症状,白色黏液
症状,浆液泡沫性痰
症状,脓性痰
症状,体重下降
体征结果,前后径增大
体征结果,增宽
体征结果,双侧语颤减弱
体征结果,浊音界缩小
体征结果,下降
体征结果,湿音
体征结果,干音
部位,肋间隙
部位,，剑突下
部位,胸骨下角
部位,肺部
部位,肺下界
部位,肝
部位,两肺
体征,桶状胸
体征,呼吸变浅
体征,频率增快
体征,缩唇呼吸
体征,呼气期延长
手术,肺大疱切除
手术,减容手术
检查,.肺功能检查
检查,胸部×线
检查,高分辨率CT
体征类型,视诊
体征类型,触诊
体征类型,浊音界
药品类型,支气管扩张剂
症状,气喘
药品,复方甘草合剂
药品,复方氯化铵合剂
药品,溴己新
药品,盐酸氨溴索
药品,桃金娘油
药品,右美沙芬
药品,氨茶碱
症状持续时间,3个月以上
症状持续时间,连续2年
疾病别名,chronic obstructive pulmonary disease
疾病别名,COPD
用法用量,每日3次
用法用量,10ml
用法用量,8~16mg
用法用量,30mg
用法用量,0.3g
药品类型,镇咳
药品类型,茶碱控释剂
药品类型,β2受体激动剂
药品类型,流感疫苗
药品类型,肺炎疫苗
药品类型,卡介苗多糖核酸
药品类型,胸腺素
症状,听力受损
症状,痰量增加
药品,沙美特罗
药品,氟替卡松
药品,福莫特罗
药品,布地奈德
药品,乙酰半胱氨酸
药品,羧甲司坦
药品,罗氟司特
药品,红霉素
药品,阿奇霉素
药品,沙丁胺醇
药品,异丙托溴铵
药品,阿莫西林
药品,头孢唑肟
药品,头孢呋辛
药品,泼尼松龙
药品,甲泼尼龙
药品,头孢曲松
用药单位,μg
手术,肺减容手术
治疗方案,长期家庭氧疗
治疗方案,低流量吸氧
疾病,、休克
用法用量,0.6g
用法用量,每日2次
用法用量,，0.5g
用法用量,500g
用法用量,1000μg
用法用量,250~500g
用法用量,30~40mg/d
用法用量,40~80mg
用法用量,连续5~7天
用法用量,2.0g
药品类型,肾上腺素受体激动剂
药品类型,祛痰药
药品类型,磷酸二酯酶-4抑制剂
药品类型,大环内酯类
药品类型,喹诺酮
给药方式,雾化吸入
药品类型,肺炎链球菌疫苗
药品类型,细菌溶解物
症状,痰量增多
症状,咯黄痰
疾病,骨质疏松
疾病,焦虑
疾病,抑郁
疾病,鼻炎
疾病,湿疹
药品类型,短效B2受体激动剂
药品类型,短效抗胆碱能药物
药品类型,长效B2受体激动剂
药品类型,长效抗胆碱能药物
症状,劳力性呼吸困难
药品,茚达特罗
药品,噻托溴铵
体征结果,呼吸音\n减弱
疾病,弥漫性泛细支气管炎
疾病,高血压心脏病
用法用量,每次100~200μg
用法用量,1~2喷
用法用量,每24小时不超过8~12喷
用法用量,每日吸入2次
用法用量,每日仅吸入1次
用法用量,持续6~8小时
用法用量,每次40~80μg(每喷20μg)
用法用量,每天3~4次
用法用量,每天吸入1次
用法用量,18ug
用法用量,5μg
用法用量,0.2g
用法用量,每1小时1次
用法用量,0.1g
用法用量,每天3次
药品类型,B2肾上腺素受体激动剂
检验,特异性变应原检测
药品,乙酰甲胆碱
药品,组胺
药品,沙丁胺\n醇
药品,特布他林
体征结果,哮鸣音
体征结果,弥漫性哮鸣音
体征,呼气相延长
检查,通气功能检测
检查,支气管激发试验
检查,支气管舒张试验
疾病,上呼吸道感染
症状频率,夜间及晨间多发
药品类型,激素
症状,哮喘
症状,端坐呼吸
症状,大汗淋漓
症状,意识模糊
体征结果,轻度增加
体征结果,增快
体征结果,矛盾运动
体征结果,变慢
体征结果,不规则
部位,胸腹
体征,奇脉
体征,端坐呼吸
检查,气管舒张试验
检查,肺通气功能
检查,血气检查
疾病,咳嗽变异性哮喘
疾病,高二氧化碳血症
体征类型,呼吸频率
体征类型,心率
体征类型,脉率
体征值,>30次/\n分
症状,发作性咳嗽
体征结果,呼气音延长
体征结果,完全消失
疾病别名,CVA
疾病别名,cough variant asthma
体征,哮鸣音
体征,呼气性呼吸困难
疾病,运动性哮喘
疾病,胸闷变异性哮喘
药品类型,平喘
药品,安非他酮
药品,伐尼克兰
药品类型,尼古丁替代制剂
部位,口腔和鼻咽部
疾病,恶性肿瘤
疾病,喉癌
疾病,食管癌
疾病,肝癌
疾病,胰腺癌
疾病,肾癌
疾病,膀胱癌
疾病,宫颈癌
疾病,结肠直肠癌
疾病,急性白血病
疾病,勃起功能障碍
疾病,异位妊娠
疾病,自然流产
疾病,牙周炎
疾病,白内障
疾病,消化道溃疡
疾病,急性中耳炎
疾病,复发性中耳炎
疾病,慢性中耳积液
检查,6分钟步行试验
检查,递增型穿梭步\n行试验
检查,耐力往返步行试验
检查,循环耐力测试
手术,肺移植术
检查,胸部影像
检查,心肺运动试验
检查,肺运动试验
疾病,囊性纤维化
疾病,肥胖相关呼吸疾病
症状,呼吸急促
药品,多巴胺
药品,多巴酚胺
药品,去甲肾上腺素
体征结果,>38℃
体征结果,<36℃
体征结果,>90次/分
体征,频率20次/分
检查,平均动脉压
体征类型,体温
检验,胸液生化
检验,溶菌酶
检验,脱落细胞
药品,阿司匹林
药品,厄多司\n坦
药品,美司坦
检查,痰细胞学检查
检查,胸膜穿刺病理活检
检查,经支气管镜肺活检
检查,经支气管镜冷冻肺活检
检查,经纤支镜对纵隔肿块或淋巴结穿刺针吸活检
检查,经纤支镜支气管肺泡灌洗
检查,支气管内超声
检查,穿刺针吸活检
检查,纤支镜
检查,胸膜、肺活检
检查,肺活体组织检查
检查,经皮肺活检
检查,开胸肺活检
检查,胸腔镜肺活检
治疗方案,靶向治疗
疾病,骨质疏松症
药品类型,β受体激动剂
药品类型,胆碱能受体拮抗剂
药品类型,二膦酸盐
药品类型,白三烯受体拮抗剂
药品类型,止咳祛痰
药品类型,中枢镇咳
药品类型,外周镇咳
药品类型,黏液溶解药
手术,肿物切除
治疗方案,呼吸支持治疗
治疗方案,气道异物取出
治疗方案,支架植入
治疗方案,流感疫苗
治疗方案,肺炎疫苗
检验,外周血细胞
检验,红细胞沉降率
检验,ESR
检验,C反应蛋白
检验,PCR
检验,G试验
检验,GM试验
检验,1，3-\n-d-葡聚糖试验
检验,半乳甘露聚糖试验
症状,声嘶
症状,发作性干咳
症状,铁锈样痰
症状,红棕色胶冻样痰
症状,脓痰
症状,恶臭
症状,咖啡样痰
症状,果酱样痰
症状,粉红色稀薄泡沫痰
症状,咯鲜血
症状,夜间发作性端坐呼吸
症状,黄脓痰
体征结果,放射至左肩
症状持续时间,数日或数周
部位,胸骨后
部位,左前胸
体征,实变
体征,Velcro音
体征,摩擦音
体征,气管移位
体征,呼吸音消失
疾病,肺阿米巴病
疾病,肺吸虫病
疾病,急性支气管炎
疾病,肋间神经痛
疾病,肋软骨炎
疾病,带状疱疹
疾病,主动脉夹层
疾病,胆石症
症状程度,逐渐加重
症状程度,渐进性
症状频率,秋冬季加重
症状频率,夜间多发
检验,血清抗体
检验,降钙素原
检验,PCT
检验,y干扰素释放试验
检验,免疫球蛋白
检验,结核菌素(PPD)试验
检验,痰涂片
检验,痰涂片革兰染色
检验,抗酸染色
检验,痰病原菌培养
检查,抗原皮肤试验
检查,变应原皮肤试验
检查,造影增强CT
检查,CT肺血管造影
检查,CTPA
检查,胸部高分辨CT
检查,HRCT
检查,正电子发射型计算机断层显像
检查,支气管动脉造影
检查,磁共振成像
检查,MRI
检查,放射性核素扫描
检查,胸部超声
检查,肺通气功能测定
检查,用力肺活量
检查,FVC
检查,第一秒用力呼气容\n积
检查,FEV1
检查,呼气峰流速
检查,肺活量
检查,残气量
检查,肺总量
检查,第一秒用力呼气容积
检查,最大呼气中期流速
检查,痰液检查
检查,痰涂片
检查,病原学检查
治疗方案,脱敏治疗
治疗方案,栓塞术
治疗方案,高渗生理盐水雾化
疾病,酸碱失衡
检验,.血液检查
检验,免疫荧光法酶联免疫吸附法
检验,病毒分离鉴定
检验,细菌培养
检验,药物敏感试验
检验,周围血象
检验,病毒分离
检验,病毒血清学检查
检验,鼻分泌物涂片
检验,皮肤过敏试验
检验,流感病毒免疫血清染色
检验,快速血清PCR
症状,咽痒
症状,灼热感
症状,咽痛
症状,讲话困难
症状,畏光
症状,流泪
症状,鼻痒
症状,突发性连续喷嚏
症状,鼻塞
症状,大量清涕
症状,全身酸痛
症状,鼻后滴漏
体征结果,肿大
体征结果,喘息
体征结果,灰白色疱疹
体征结果,浅表溃疡
体征结果,红晕
体征结果,黄色脓性分泌物
症状持续时间,一周
症状持续时间,4~6天
部位,喉部
部位,局部淋巴结
部位,咽部
部位,软腭
部位,悬雍垂
部位,咽
部位,扁桃体表面
部位,结膜
部位,扁桃体
部位,颌下淋巴结
部位,鼻黏膜
体征,肿大
疾病,急性上呼吸道感染
疾病,急性气管支气管炎
疾病,急性病毒性咽炎
疾病,急性喉炎
疾病,急性疱疹性咽峡炎
疾病,急性咽结膜炎
疾病,急性咽扁桃体炎
疾病,急性鼻窦炎
疾病,中耳炎
疾病,气管-支气管炎
疾病,咽炎
疾病,风湿热
疾病,病毒性心肌炎
疾病,心衰
疾病,过敏性鼻炎
疾病,麻疹脊髓灰质炎脑炎
疾病,肝炎
体征值,39℃以上
药品类型,伪麻黄碱
症状,咳黄痰
症状,流鼻涕
症状,全身肌肉酸痛
药品,对乙酰氨基酚
药品,布洛芬
药品,利巴韦林
部位,肺
体征,咽部脓苔
治疗方案,中药治疗
疾病,Reye综合征
疾病,流行性感冒
疾病,流感
疾病,眼结膜炎
疾病,呼吸道卡他
症状程度,起病急
药品类型,解热镇痛类
药品类型,青霉素
药品类型,第一代头孢菌素
药品类型,大环内酯
药品类型,抗病毒药
给药方式,滴鼻
症状,咽喉疼痛
症状,流清水样鼻涕
症状,咽干
症状,烧灼感
症状,鼻后滴漏感
症状,鼻涕
症状,味觉迟钝
症状,呼吸不畅
症状,听力减退
症状,轻度畏寒
体征结果,黏膜充血
体征结果,分泌物
症状持续时间,2~3天
症状持续时间,5~7天
部位,鼻腔
体征,咽鼓管水肿
体征,轻度充血
疾病,上感
疾病,鼻窦炎
疾病,扁桃体炎
疾病,普通感冒
疾病,伤风
疾病,急性鼻炎
疾病,上呼吸道卡他
疾病,咽鼓管炎
症状持续时间,持续3个月
症状持续时间,2年以上
疾病,慢性\n阻塞性肺疾病
疾病,慢支
检验,血液检查
检验,痰液检查
检验,涂片
检验,痰脱落细\n胞学
症状,阵咳
症状,浆液泡沫性
症状,咯脓痰
药品,支气管扩张
药品,罗红霉素
药品,复方磺胺甲f唑片
体征结果,干、湿音
体征结果,广泛哮鸣音
体征结果,呼气期延长
体征结果,爆裂音
体征结果,Velcro音
部位,双肺底
部位,胸部下后侧
检查,呼吸功能
检查,高分辨率\n螺旋CT
检查,高分辨率螺旋CT
疾病,慢性咽炎
疾病,上呼吸道咳嗽综合征
用法用量,0.4g
用法用量,2~4g/d
用法用量,分2~4次
用法用量,1.0g/d
用法用量,分2次
用法用量,每次2片
检验,外周血象
检验,血清学检查
检验,份血清抗流感病毒抗体
检验,流感病毒抗原
检验,鼻咽拭子
检验,血清病毒PCR
症状,腹泻
药品,帕拉米韦
药品,扎那米韦
药品,金刚烷胺
药品,金刚乙胺
疾病别名,acute tracheobronchitis
药品别名,oseltamivir
药品别名,peramivir
药品别名,zanamivir
药品别名,amantadine
药品别名,rimantadine
体征,充血水肿
治疗方案,体外膜肺
治疗方案,疫苗接种
用法用量,每次75mg
用法用量,连服至少5天
用法用量,300~600mg
用法用量,日一次
用法用量,每次5mg
用法用量,连用5天
药品类型,解热药
药品类型,缓解鼻黏膜充血药
药品类型,止咳祛痰药
药品类型,神经氨酸酶抑制剂
药品类型,离子通道M2阻滞剂
检验,，血\n沉
检验,血象
检验,分泌物病毒分离
症状,少量黏痰
药品,喷托维林
症状持续时间,2~3周
症状持续时间,迁延不愈
症状持续时间,10天以上
疾病,麻疹
疾病,百日咳
症状程度,起病较急
药品类型,化痰
药品类型,止咳
药品类型,平喘药
药品类型,茶碱
药品类型,胆碱能阻滞剂
药品类型,解热镇痛药
药品类型,新大环内酯
药品类型,头孢菌素
给药方式,雾化
体征结果,散在干、湿性音
体征结果,干、湿性音
药品别名,咳必清
药品别名,必嗽平
用法用量,5天
用法用量,7天
用法用量,14天
检验,抗粒细胞-巨噬细胞集落刺激因子(m-CSF)自身抗体
检验,循环自身免疫抗体
症状,乳糜胸
药品,糖皮质激素
药品,西罗莫司
药品,雷帕霉素
检查,胸部\nX线
治疗方案,全肺灌洗
疾病,肺淋巴管平滑肌瘤病
疾病,肺泡蛋白沉着症
疾病,特发性肺含铁血黄素沉着症
疾病,缺铁性贫血
疾病,原发性结核
疾病,继发性结核
疾病,急性粟粒型肺结核
疾病,干酪样肺炎
疾病,慢性纤维空洞性肺结核
检验,血清IgE
药品,硫唑嘌呤
药品,英夫利昔单抗
症状持续时间,数周
症状持续时间,数个月
疾病,外源性过敏性肺泡炎
疾病,嗜酸性粒细胞性肺炎
疾病,肺朗格汉斯细胞组织细胞增生症
检验,血清ACE
症状,贫血
用药单位,mg/(kg・d)
检查,肺功能试验
检查,支气管肺泡灌洗
检查,胸部HRCT
检查,淋巴结针吸
检查,支气管内超声引导
检查,活检
用法用量,0.5mg/(kg・d)
用法用量,连续4周
用法用量,5~10mg
用法用量,6~24个月
治疗方案,经胸壁插入导管
治疗方案,取出呼吸道异物
症状,肌肉痛
症状,不适
体征结果,淋巴结肿大
体征结果,不融合
体征结果,可活动
体征结果,无触痛
部位,双肺门
体征,结节性红斑
体征,喘鸣音
体征,冻疮样狼疮
体征,皮下结节
体征,葡萄膜炎
疾病,急性结节病
疾病,关节炎
疾病,猝死
疾病,高钙血症
检验,细菌分离
检验,痰脱落细胞检查
症状,铁锈色痰
症状,午后低热
症状,长期咳嗽
药品,青霉素
药品,林可霉素
药品,克林霉素
药品,甲硝唑
药品,四环素
药品,复方新诺明
药品,环丙沙星
药品,庆大霉素
药品,甲氧苄啶
药品,磺胺甲f唑
药品,万古霉素
药品,替考拉宁
药品,利奈唑\n胺
检查,胸部线片
检查,X线体层摄片
治疗方案,脓液引流
治疗方案,体位引流
疾病,细菌性肺炎
疾病,疱疹
疾病,空洞性肺结核
疾病,肺囊肿
疾病,血管炎
疾病,军团菌肺脓肿
疾病,巴斯德菌肺脓肿
疾病,诺卡菌肺脓肿
疾病,马红球菌肺脓肿
疾病,血源性肺脓肿
疾病,阿米巴原虫感染
用法用量,1200万~1800万U/d
用法用量,分4~6次给药
用法用量,2g/d
用法用量,500mg
用法用量,每日4次
用法用量,400mg
用法用量,100mg/(kg・d)
用法用量,50mg/(kg・d)
用法用量,6~8周
药品类型,第三代头孢菌素
药品类型,B-内酰胺类
药品类型,B-内酰胺酶抑制剂
检验,生化检查
检验,经鼻支气管镜防污染毛刷采样定量培养
检验,痰涂片嗜银染色
检验,荧光抗体检测
检验,尿抗原检测
检验,经皮针吸活检
检验,支气管镜防污染毛刷
检验,需氧和厌氧菌培养
检验,血、痰培养
检验,厌氧菌培养
症状,咳脓痰
症状,不规则发热
症状,咯脓血痰
症状,体质消耗
体征结果,实音
体征结果,呼吸音减低
体征结果,闻及湿音
体征结果,空瓮性呼吸音
体征,消耗病容
体征,面色苍白
体征,患侧胸廓略塌陷
检查,经皮肺穿刺吸引
检查,气管吸引
检查,Ⅹ线
检查,侧位X线
检查,动脉造影
治疗方案,冲洗支气管
治疗方案,注入抗生素
疾病,慢性肺脓肿
疾病,吸入性肺脓肿
疾病,血源性肺脓\n肿
症状,I汗
症状,咳黏液痰
症状,黏液脓痰
症状,脓臭痰
症状,痰量不多
体征结果,39~40℃
症状持续时间,1~2周
部位,口
部位,鼻
部位,右肺下叶
部位,右肝顶部
手术,器官移植
疾病,坏死性肺炎
疾病,原发性肺脓肿
疾病,AIDS
疾病,牙槽脓肿
疾病,支气管囊肿
疾病,肺结核空洞
疾病,肾周围脓肿
疾病,脊柱脓肿
疾病,食管穿孔
疾病,阿米巴肺脓肿
疾病,脓毒症
疾病,急性肺脓肿
疾病,脓毒血症
检验,痰液脱落细胞
检验,D二聚体
症状,全身中毒
症状,疲乏无力
症状,月经失调
症状,闭经
症状,痰中带血丝
体征,语颤减弱
体征,意识障碍
体征,定向障碍
检查,放射性核素\n肺通气灌注扫描
疾病,血栓性静脉炎
疾病,低碳酸血症
疾病,间质性肺炎
体征类型,收缩压
体征类型,舒张压
体征值,≥30次/分
体征值,<90mmHg
体征值,≤60mmHg
药品类型,血管活性药
检验,血浆抗Xa因子活性
检验,凝血指标
药品,肝素
药品,那曲肝素钙
药品,依诺肝素钠
药品,达肝素钠
药品,达比加群酯
药品,利伐沙班
药品,阿哌沙班
药品,阿加曲班
药品,比伐卢定
用药单位,U/kg
疾病,血小板减少症
用法用量,2000~5000U
用法用量,80U/kg
用法用量,18U/(kg・h)
用法用量,2000~5000
用法用量,250U/kg
用法用量,每12小时
用法用量,每日1~2次
用法用量,86U/kg
用法用量,每12小时1次
用法用量,单日总量不超过17100U
用法用量,1mg/kg
用法用量,单日总量不超过180mg
用法用量,100U/kg
用法用量,单日总量不超\n过18000U
用法用量,5mg(体重<50kg)
用法用量,7.5mg(体重50~100kg)
用法用量,10mg(体重>100kg)
用法用量,3.0~\n5.0mg
用法用量,重叠应用5天
用法用量,疗程至少为3个月
药品类型,抗凝药
药品类型,抗血小板药
药品类型,维生素K拮抗剂
药品类型,抗凝剂
药品类型,直接凝血酶抑制剂
药品类型,直接Xa因子抑制剂
检验,N末端脑钠肽前体
症状,运动耐量下降
症状,咳脓性痰
药品,多巴酚丁胺
症状性质,心绞痛样
症状性质,胸膜炎样
检查,冠脉造影
检查,心血管超声
检查,胸部CT造影
治疗方案,镇静
治疗方案,止痛
治疗方案,镇咳
治疗方案,吸氧
疾病,急性肺血栓栓塞症
疾病,低血压
疾病,急性肺栓塞
症状程度,疼痛较剧烈
检查,放射\n性核素
检查,线静脉造影
检查,CT静脉造影
检查,MRI静脉造影
检查,ct肺动脉造影
检查,磁共振肺动脉造影
检查,肺动脉造影
检验,血浆D二聚体
症状,濒死\n感
症状,患肢肿胀
症状,周径增粗
症状,压痛
症状,皮肤色素沉着
症状,患肢易疲劳
症状,肿胀加重
症状,不对称性下肢肿胀
体征结果,细湿音
体征结果,搏\n动
体征,心动过速
体征,肺动脉瓣区第二音亢进
体征,分裂
体征,三尖瓣区收缩期杂音
体征,发热
疾病,肺动脉血栓栓塞
检验,细菌学检查
症状,量多
症状,带血丝
症状,全身肌肉、关节酸痛
症状,体质衰弱
症状,精神萎靡
症状,脓血痰
症状,药物热
症状,皮疹
药品,苯唑西林钠
药品,氯唑西林
药品,头孢呋辛钠
药品,氨苄西林
症状持续时间,急骤
体征,肺实变
疾病,化脓性心包炎
疾病,脑膜炎
疾病,静脉炎
疾病,肺炎支原体肺炎
疾病,社区获得性肺炎
药品类型,氨基糖苷类
体征结果,散在性湿音
体征结果,心脏杂音
症状性质,痰脓性
症状性质,脓血状
检验,特异性IgM
检验,IgG
检验,IgA
检验,MG链球菌凝集素
检验,肺炎支原体抗原
检验,冷凝集试验阳性
检验,血清支原体IgM抗体
检验,单\n克隆抗体免疫印迹法
检验,核酸杂交技术
检验,PCR技术
症状,肌肉酸痛
症状,无症状期
症状,阵发性剧咳
体征结果,斑丘疹
体征结果,多形红斑
体征结果,鼾音
体征结果,笛音
症状持续时间,数天至一周
部位,鼻咽部
部位,耳部
部位,鼓膜
部位,颈部淋巴结
体征,充血
疾病,脊髓炎
疾病,支原体肺炎
体征类型,闻
检验,痰直接涂片
症状,患侧胸部疼痛
症状,痰少
体征结果,增速
体征结果,绯红
体征结果,干燥
体征结果,单纯疱疹
体征结果,出血点
体征结果,巩膜黄染
体征结果,呼吸运动幅度减小
体征结果,稍浊
体征结果,增强
体征结果,支气管呼吸音
体征结果,降低
部位,面颊
部位,口角
部位,鼻周
部位,黏膜
部位,心率
部位,上腹部
体征,急性热病容
体征,鼻翼扇动
体征,皮肤灼热
体征,触觉语颤
体征,心律不齐
体征,四肢厥冷
体征,多汗
疾病,心内膜炎
体征类型,血压
症状体征颜色,铁锈色
症状结果,痰
检验,聚合酶链反应
检验,荧光标记抗体检测
检验,尿SP抗原
症状,脱水
药品,普鲁卡因青霉素
药品,头孢噻肟
症状性质,脓性
疾病,葡萄球菌肺炎
用法用量,240万U/d
用法用量,60万U
用法用量,240万~480万U/d
用法用量,每6~8小时1次
用法用量,分次
用法用量,1000万~3000万U/d
用法用量,分4次
用法用量,320万U
用法用量,每4小时1次
药品类型,镇静药
症状,偶有血丝痰
症状,呼吸窘迫
症状,肌肉关节酸痛
症状,上呼吸道卡他
药品,阿昔洛韦
药品,更昔洛韦
药品,阿糖腺苷
症状持续时间,急性起病
疾病,病毒性肺炎
疾病,急性呼吸综合征
给药方式,肌注
体征结果,少许湿音
体征值,大于38℃
用法用量,0.8~1.g/d
用法用量,分3~4次服用
用法用量,每日10~15mg/kg
用法用量,每次10~30mg
用法用量,每次5mg/kg
用法用量,一日3次
用法用量,连续给药7天
用法用量,连用1~15天
用法用量,7.5~15mg/(kg・d)
用法用量,50mg/d
用法用量,5~15mg/(kg・d)
用法用量,每10~14天为1个疗程
用法用量,每次100mg
用法用量,早晚各1次
用法用量,连用3~5天
检验,冲洗/吸引物
检验,IgG抗体
检验,免疫荧光抗体法
检验,酶联免疫吸附法
检验,SARS病原学检测
症状,流涕
症状,全身不适
症状,稀水样便
治疗方案,有创机械通气
疾病,急性肺损伤
疾病,瑞氏(Reye)综合征
检验,血沉
检验,痰、咽拭子
检验,咽喉分泌物
检验,支气管肺泡灌洗液
检验,血清IgM
检验,DNA扩增
症状,肌痛
症状,咽喉痛
症状,咳
药品,左氧氟星
疾病,肺炎衣原体肺炎
疾病,喉炎
疾病,咽喉炎
疾病,支\n气管炎
疾病,甲状腺炎
疾病,脑炎
用法用量,2~3周
用法用量,14~21天
药品类型,四环素
药品类型,镇咳药
药品类型,β-内酰胺类
检验,PCR检测
检验,病毒抗原
检验,特异性IgG
检验,补体结合试验
检验,血凝抑制试验
检验,中和试验
症状,倦怠
症状,白色黏液痰
体征结果,干湿性音
体征,呼吸浅\n速
检验,血清抗结核抗体
检验,痰结核菌PCR
检验,探针检测
检验,支气管肺泡灌洗
检验,痰菌检查
部位,双肺中下部
检查,PPD
检查,肺外组织病理
疾病,浸润性肺结核
疾病,纤维空洞性肺结核
疾病,结核球
疾病,干酪性肺炎
疾病,大叶性干酪性肺炎
疾病,小叶性干酪性肺炎
疾病,结核性干性胸膜炎
疾病,结核性渗出性胸膜炎
疾病,骨关节结核
疾病,肾结核
疾病,肠结核
疾病,菌阴肺结核
症状,持续高热
体征结果,淡红色粟粒疹
体征结果,大
症状持续时间,2周以上
部位,浅表淋巴结
部位,脾
体征,颈项强直
疾病,原发综合征
疾病,胸内淋巴结结核
症状,月经不调
症状持续时间,持续2周以上
体征,溃疡
体征,糜烂
检查,结核分枝杆菌培养
检查,药物敏感性测定
检查,菌种鉴定
检查,PCR
检查,核酸探针检测
检查,色谱技术检测
检查,病理学检查
检查,支气管肺活检
检查,PPD试验
检查,.y干扰素释放试验
检查,痰抗酸杆菌
检查,胸部线
检查,X线检查
疾病,支气管结核
疾病,淋巴结支气管瘘
症状,少量咯血
症状,午后潮热
症状,倦怠乏力
体征结果,患侧移位
体征结果,饱满
体征结果,呼吸音消失
症状持续时间,两周以上
体征,语颤增强
体征,触觉语颤减弱
体征,局限性哮鸣音
检查,计算机线摄影
检查,数字X\n线摄影
检查,痰结核分枝杆菌检查
疾病,结核性风湿症
体征类型,望诊
检验,痰定量培养
检验,吸引物细菌培养
检验,胸腔积液培养
检验,尿抗原试验
检验,特异性IgM抗体
症状,咳铁锈色痰
症状,腥臭痰
症状,黏痰
症状,棕黄色痰
症状持续时间,起病急
症状持续时间,，3~4周
检查,经皮细针吸检
治疗方案,人工气道吸引
疾病,腹腔感染
疾病,静脉导管相关性感染
检验,肺组织标本的培养
症状,血痰
药品,吉米沙星
药品,厄他培南
药品,氨\n曲南
药品,替考拉\n宁
症状持续时间,急骤起病
检查,病理
疾病,肺炎链球菌肺炎
体征类型,氧饱和度
体征值,≤37.8℃
体征值,≤100次/分
体征值,≤24次/分
体征值,≥90mmHg
体征值,≥90%
药品类型,头孢菌素-内酰胺
药品类型,内酰胺酶抑制剂
药品类型,碳青\n霉烯
药品类型,氨基糖苷
给药方式,静脉
治疗方案,高浓度氧疗
疾病,低氧血\n症
疾病,特发性间质性肺炎
疾病,结缔组织疾病
疾病,系统性硬皮病
疾病,干燥综合征
疾病,ANCA相关性血管炎
疾病,坏死性肉芽肿血管炎
疾病,变应性肉芽肿血管炎
疾病,显微镜下多血管炎
疾病,肺淀粉样变
疾病,肺泡微石症
疾病,肺泡蛋白沉积症
疾病,慢性嗜酸性粒细胞性肺
症状,顽固性咳嗽
药品,卡铂
药品,长春瑞滨
药品,吉西他滨
药品,培美曲塞
药品,多西他赛
药品,培美曲赛
药品,厄洛替尼
药品,吉非替尼
药品,阿法替尼
药品,奥希替尼
药品,克唑替尼
药品,贝伐珠\n单抗
药品,派姆单抗
药品,纳武单抗
药品,阿特珠单抗
药品,依托泊苷
药品,伊立替康
治疗方案,放疗
治疗方案,支气管动脉灌注化疗
治疗方案,经支气管镜介入
治疗方案,血卟琳染料激光治疗
治疗方案,YAG激光切除
治疗方案,经支气管镜行腔内放疗
治疗方案,超声引导下的介入
疾病,非鳞状细胞癌
疾病,放射性肺炎
疾病,放射性食管炎
用法用量,4~6个周期
药品类型,紫杉醇
药品,紫杉醇
药品,艾乐替尼
药品,瑞替尼
药品,克唑替\n尼
药品,贝伐珠单抗
治疗方案,根治性切除
治疗方案,术后综合治疗
治疗方案,手术治疗联合术后化疗
治疗方案,序贯放化疗
治疗方案,同步放化疗
治疗方案,术后辅助化疗
治疗方案,化疗
药品类型,铂类
药品类型,紫杉类
药品类型,喜树碱类
药品类型,EGFR酪氨酸激酶抑制剂
检验,痰镜检
检验,曲菌\n抗原特异性沉淀抗体
检验,血清总IgE
检验,抗IgE抗体
检验,抗IL-5抗体
症状,粉红色泡沫痰
症状,慢\n性咳嗽
症状,棕褐色黏稠痰块
症状,树枝状支气管管型
药品,氨\n茶碱
药品,肾上腺素
药品,吗啡
药品,色甘酸钠
体征结果,扩大
体征结果,奔马律
体征结果,明显下降
部位,左心界
疾病,气管支气管结核
疾病,复发性多软骨炎
疾病,变态反应性支气管肺曲菌病
体征类型,吸气性
药品类型,白三烯调节剂
给药方式,静脉用药
疾病,胃-食管反流
症状,声音嘶\n哑
症状,骨骼肌震颤
症状,血管性水肿
症状,心律失常
药品,倍氯米松
药品,环索奈德
药品,莫米松
药品,琥珀酸氢化可的松
药品,孟鲁司特
药品,扎鲁司特
用药单位,μg/d
用药单位,mg/(kg・min)
用药单位,mg/(kg・h)
疾病,阿司匹林哮喘
用法用量,>1000μg/d
用法用量,30~60mg/d
用法用量,≤10mg/d
用法用量,100400mg/d
用法用量,80~160mg/d
用法用量,每日6~10mg/kg
用法用量,4~6mg/kg
用法用量,0.25mg/(kg・min)
用法用量,0.6~0.8mg/(kg・h)
用法用量,1.0g
药品类型,ICS
药品类型,长效B2受体激\n动剂
药品类型,短效支气管舒张剂
药品类型,B2受体激动剂
药品类型,LABA
药品,吡非尼酮
药品,尼达尼布
药品,N-乙酰半胱氨酸
检查,外科肺活检
疾病,胸片
药品类型,多靶点酪氨酸激酶抑制剂
检验,血液涎液化糖链抗原
检查,特发性肺纤维化
疾病,Ⅰ型呼吸衰竭
检验,全血细胞学
检验,尿液分析
检验,生物化学
检验,肝肾功能
检验,抗中性粒细胞胞质抗体
症状,持续性干咳
症状,肌肉关节疼痛
症状,眼干
症状,发\n绀
体征结果,吸气末细小的干性爆裂音
部位,两肺底
体征,杵状指
体征,P2亢进
体征,下肢水肿
体征,爆裂音
检查,胸部高分辨\n率CT
检查,支气管镜检查
检查,经支气管肺活检
检查,经支气管冷冻肺活检
检查,电视辅助胸腔镜肺活检
疾病,普通型间质性肺炎
疾病,非特异性间质性肺炎
疾病,脱屑性间质性肺炎
疾病,机化性肺炎
疾病,急性间质性肺炎
疾病,弥漫性肺泡损伤
疾病,特发性淋巴细胞性间质性肺炎
疾病,呼吸性细支气管炎
疾病,特发性非特异性间质性肺炎
检验,炎症标志物
检验,C反应\n蛋白
检验,微生物学检查
检验,，特异性IgE
检验,烟曲霉皮试
检验,类风湿因子抗核抗体
检验,细胞免疫功能
检验,基因检测
症状性质,黏液性
症状性质,黏液
症状性质,黏液脓性
检查,鼻窦CT
检查,汗液氯化钠
检查,鼻呼出气NO
检查,黏膜纤毛电镜
检查,纤支镜检查
疾病,支气管扩张症
疾病,干性支气管扩张
症状体征颜色,黄绿色
检验,血清免疫球蛋白
检验,痰细菌培养
检验,抗中性粒细胞胞浆抗体
检验,曲霉沉淀素检查
检验,细菌学和细胞学检查
体征结果,串珠
体征结果,印戒征
体征,双轨征
体征,“环形阴影
疾病,慢性鼻窦炎
疾病,中耳\n炎
药品,倍氯米\n松
药品,布地奈\n德
手术,支气管热成形术
治疗方案,免疫疗法
用法用量,200~400μg
用法用量,>800~1600g
药品类型,SABA
疾病,慢性阻塞性肺病
疾病,医院获得性肺炎
体征结果,湿性音
体征,脓性气道\n分泌物
体征,支气管呼吸音
治疗方案,气管切开
疾病,肺不\n张
体征值,>38℃
检验,，痰培养
检验,药敏试\n验
检验,痰结核菌
症状,冬春季节咳嗽
药品,舒巴坦
药品,头孢曲松钠
药品,头孢他啶
药品,头孢吡肟
药品,哌拉西林
药品,他唑巴坦
药品,头孢哌酮
药品,亚胺培南
药品,美罗培南
体征,干湿音
检查,肺部CT
检查,支气管造影
疾病,先天性肺囊肿
药品类型,第二代头孢菌素
药品类型,碳青霉烯类
药品类型,抗真菌药
体征结果,散在干湿音
用法用量,<10mg
用法用量,0.5~1mg/kg
检验,痰抗酸染色
症状,夜间盗汗
药品,N-乙酰半胱\n氨酸
药品,云南白药
药品,酚妥拉明
手术,切除病变肺组织
治疗方案,介入栓塞
治疗方案,支气管动脉栓塞术
药品类型,长效支气管舒张剂
药品类型,长效2受体激动剂
药品类型,长效抗胆碱能药
药品类型,长效\nB2受体激动剂
药品类型,黏液松解剂
药品类型,黏液溶解剂
药品类型,痰液促排剂
药品类型,抗氧化剂
药品类型,.免疫调节剂
药品类型,肺炎球菌疫苗
药品类型,流感病毒疫苗
药品类型,免疫调节剂
检验,支气管镜刷检
症状,拒睡
症状,鼻翼扇动
症状,干\n咳
药品,5氟胞嘧啶
药品,复方磺胺甲f唑
药品,氨苯砜
药品,伯氨喹
药品,阿托伐醌
药品,卡泊芬净
症状持续时间,3~8周
疾病别名,pneumocystis pneumonia
疾病别名,PCP
用药单位,mg/(kgd)
体征,脾大
体征,支气管充气征
检查,肺泡灌洗
检查,经皮肺穿刺
疾病,隐球\n菌脑膜炎
疾病,肺孢子菌肺炎
疾病,化脓性肺炎
用法用量,200~400mg/d
用法用量,3~6个月
用法用量,6~12个月
用法用量,2~4个月
用法用量,15~20mg/(kgd)
用法用量,75~100mg/(kg・d)
用法用量,3~4次
用法用量,40mg
用法用量,连续5天
用法用量,40mg/d
用法用量,20mg/d
药品类型,棘白菌素
症状,腰痛
症状,咳少量白痰
症状,体重降低
药品,5%葡萄糖溶液
药品,两\n性霉素B
药品,米卡芬净
药品,泊沙康唑
手术,支气管动脉栓塞
治疗方案,支气管动脉栓塞
疾病,侵袭性肺曲霉病
疾病,侵袭性气管支气管曲霉病
疾病,慢性坏死性肺曲霉病
疾病,曲霉肿
疾病,脑膜脑炎
疾病,非典型病原体肺炎
用法用量,6mg/kg
用法用量,4mg/kg
用法用量,200mg
用法用量,6~12周
用法用量,每日0.1mg/kg
用法用量,1~1.5mg/(kg・d)
用法用量,5mg/(kg・d)
用法用量,隔日1次
用法用量,7.5~10mg/d
用法用量,200mg/d
给药方式,避光静脉滴注
检验,组织培养
检验,组织病理学检查
检验,支气管肺泡灌洗液涂片
检验,血清抗曲霉属抗体
检验,烟曲霉培养
检验,血清烟曲霉抗体
检验,血清曲霉特异性gE
症状,血尿
症状,水肿
症状,频繁咳嗽
症状,棕黄色脓痰
疾病别名,aspergilloma
疾病别名,pulmonary aspergillosis
疾病别名,invasive pulmonary aspergillosis IPA
疾病别名,invasive tracheobronchia aspergillosis，itba
疾病别名,chronic necrotizing pulmonary aspergillosis CNPAcnpa
疾病别名,allergic bronchopulmona aspergillosis，abpa
疾病别名,IPA
部位,脑
部位,鼻窦
检查,Ⅹ线检查
疾病,肺曲霉病
疾病,曲菌球
疾病,变应性支气管肺曲霉病
药品类型,解痉平喘药
症状,口苦
药品,西咪替丁
治疗方案,抗IL-5治疗
治疗方案,补碱
疾病,甲状腺功能亢进
疾病,慢\n阻肺
用法用量,第1小时内每20分钟吸入1~2喷
用法用量,每3~4小时吸入1~2喷
药品类型,β2受体激动
药品类型,SAMA
药品类型,长效抗胆碱\n药
药品类型,LAMA
药品类型,选择性M1、M3受体拮抗剂
药品类型,短效抗\n胆碱药
